id,sequence,target
1,QAPWPDTISPP,1
2,ITFSKIYRSCKSDSDCGNQKCARGRCV,1
3,EWCGTNSDCGEGECCTGGSFNRH,1
4,GFCAEAGIKCNDIHCCGNLKCKAVGSNRV,1
5,RLVLEVXASVEADV,2
6,GRLQAFLAKMKEIAAQTL,2
7,AGIGKIGDFIKKAIAKYKN,2
8,MIASHLAFEKLSKLGSKHTML,2
9,ITFSKIYRSCKSNSVCGNQKCVRGRCV,3
10,ARPKSDCEKHRESTEKTGTIMKLIPKCKENSDYEELQCYEDSKFCVCYDKKGHAASPISTKVKECGCYLKQKERKDSGRESAIIPQCEEDGKWAKKQLWEFNKSCWCVDEKGEQVGKIHHDCDSLKCE,3
11,IVYGVKDTPGKYPWMVSIERVKDVMKQACGGAILNENKI,3
12,LSTTCEGKDKGICNLNLALQLITDVRDNFPVCPSPPLPIDCEEVLQRDFKAIPNPIDVYCDMVTDGGGWTVIQRRGDFHGPIDYFYKDWQSYKKGFGDIEKEFWLGNENIFGLSNQRYALYDTFANDDEDHKYMLHISGYKGDAGDSMIGVHNEQKFSTKDKNDNFPGATSCAQLYKGGWWYNQCHVSNLNGQYLKSYADGVIWRSWKGYHESLGWTEIKIKDVK,3
13,GLCPDKYKRYSLQHSFCLPTCVSCAFYSKDVRYWLKNYILYQHNNLRNVVASGRSYGVDHVPRICLTVVTRIGCGYLFRKYTNVICNYGPRGNVEGEEIYKGGDICSACPANTCCGDGCKYHGLCKFGEPNLPEIFYCGFNGESDCR,3
14,ANACTKQADCAEDECCLDNLFFKRPYCEMRYGAGKRCAAASVYKEDKDLY,3
15,SDNEFPSGCIEFGKECDLDKGNCQCCRRNGYCSCAVN,4
16,ATCAGQDKPCKVNCDCCGERGECVCGGPCICRQGNVFIAWSKLMTCK,4
17,MIKYIGVFAFLVGGFCHDFETVISNQDPIVDGMRLVEGDMLFDDGPLFTERNAVKYDQQLWPNGEIVYEISPGLRQYEQIIREAMRTYEDNTCIKFRRRTNEADYVNIHVGDRCYSRVGKSFRGGPQPLSLGRGCTDFGTILHELGHSVGFDHEHSRADRDEFLIIHKENIKNGSEHNFDKLWENNTRTIGPFDYDSIMLYGAYAFSKDTRKFKTMEPVEPGLPMKSVIQKGKLSYYDIVKVNKLYKCPPVNPYPGGIRPYVNV,4
18,MLCFFVLFFCCGTVLLEGADIDEIEHADKRRPIWNMGHMVNAVYQIDEFVDLGANAIETDVTFTKSANAEYTYHGVPCDCHRWCKKWEYVNDFLKALRRATTPGDAKYRSQLILVVFDLKTDYLTASTAYDAGKDFAKRLLQHYWNGGSNGGRAYIILSIPDLAHYKFINGFKEQLKTQGHEDLLAKVGYDFWGNEDLSSTRAAFQKAGVQDKEHIWQSDGITNCWLRTLKRVREAVANRDSSNGYINKVYYWTVDKYASVRDAINAGADGIMTNYPNVIVDVLKENDFKGKFRMATYNDNPWETFK,4
19,MNTATGFIVLLVLATVLGAIEAEDAVPDFEGGFASHAREDTVGGKIRRSSVCIPSGQPCPYNEHCCSGSCTYKENENGNTVQRCD,4
20,SSVCIPSGQPCPYNEHCCSGSCTYKENENGNTVQRCD,4
21,MNTATGFIVLLVLATVLGCIEAGESHVREDAMGRARRGACTPTGQPCPYNESCCSGSCQEQLNENGHTVKRCV,4
22,MNTATGVIALLVLATVIGCIEAEDTRADLQGGEAAEKVFRRSPTCIPSGQPCPYNENYCSQSCTFKENENANTVKRCD,4
23,MNTATGVIALLVLATVIGCIEAEDTRADLQGGEAAEKVFRRSPTCIPSGQPCPYNENCCSQSCTFKENENGNTVKRCD,4
24,MNTATGVIALLVLVTVIGCIEAEDTRADLQGGEAAEKVFRRSPTCIPSGQPCPYNENCCSQSCTFKENENGNTVKRCD,5
25,MNTATGVIALLVLATVIGCIEAEDTRADLQGGEAAEKVFRRSPTCIPSGQPCPYNENCCSKSCTYKENENGNTVQRCD,5
26,MNTATGVIALLVLATVIGCIEAEDTRADLQGGEAAEKVFRRSPTCIPSGQPCPYNENCCSQSCTFKENETGNTVKRCD,5
27,YCQKWLWTCDSERKCCEDMVCRLWCKKRL,5
28,YCQKWMWTCDEERKCCEGLVCRLWCKKKIEW,5
29,MKAFFVILGLALLCAYSFALEEQDQLSLRNDLLTVMFAENSELIPETEERYCQKWMWTCDEERKCCEGLVCRLWCKKKIEW,5
30,MKAFFVILGLALLCAYSFALEEQDQLSLRNDLLTVMFAENSELTPETEERYCQKWMWTCDEERKCCEGLVCRLWCKKKIEW,6
31,MKYFVVFCVLIIAVAAFTSAAEDGEVFEENPLEFPKTIQKRCISARYPCSNSKDCCSGNCGTFWTCYIRKDPCSKECLAP,6
32,CISARYPCSNSKDCCSGNCGTFWTCFIRKDPCSKECLAP,6
33,CISARYPCSNSKDCCSGSCGIFWTCYLRKDPCSKECLAP,6
34,GSCLELGKYCDGSKDDCQCCRDNAYCGCDIFGYNWE,6
35,GSCLELGEYCNGSKDDCQCCRDNAYCGCDIF,6